Jane | Hacks | jhacks | jhacks@gmail.com | jhacks
Kane | Ogre | kaneogre | k_ogre@gmail.com | k_ogre
Sir | Birbalot | sbirbalot | sbirb@gmail.com | sbirb
C | Gull | cgull | cgull@gmail.com | cgull